{"doc2vec_based": {"precision": 0.6883891693437356, "recall": 0.9511731135066582, "f1_score": 0.7987220447284344, "accuracy": 0.7067791112552708, "pearson": 0.5153712938120685}, "sif_based": {"precision": 0.7197802197802198, "recall": 0.9137603043753963, "f1_score": 0.8052528639284716, "accuracy": 0.6493674991891015, "pearson": 0.37754828742203433}, "sif_pretrained": {"precision": 0.5121951219512195, "recall": 0.9188332276474318, "f1_score": 0.657739446209714, "accuracy": 0.917612714888096, "pearson": 0.7991305872606548}, "sif_fine_tuning": {"precision": 0.5116197183098592, "recall": 0.9213696892834495, "f1_score": 0.6579126103690288, "accuracy": 0.9211806681803438, "pearson": 0.808027459452861}}