{"doc2vec_based": {"precision": 0.6545374835598422, "recall": 0.9467343056436271, "f1_score": 0.773976153447382, "accuracy": 0.7398637690561142, "pearson": 0.5708119901748275}, "sif_based": {"precision": 0.6978208232445521, "recall": 0.9137603043753963, "f1_score": 0.7913234486545853, "accuracy": 0.6698021407719753, "pearson": 0.40878319926165635}, "sif_pretrained": {"precision": 0.5338616714697406, "recall": 0.9397590361445783, "f1_score": 0.6809097174362508, "accuracy": 0.9004216672072657, "pearson": 0.763886780360155}, "sif_fine_tuning": {"precision": 0.5331422429236833, "recall": 0.9435637285986049, "f1_score": 0.6813186813186812, "accuracy": 0.9052870580603308, "pearson": 0.7730519022807956}}