{"phobert_base": {"precision": 0.6633529145955717, "recall": 0.9308814204185162, "f1_score": 0.77467018469657, "accuracy": 0.7178073305222186, "pearson": 0.6997050621259795}, "phobert_fine_tuning": {"precision": 0.6633529145955717, "recall": 0.9308814204185162, "f1_score": 0.77467018469657, "accuracy": 0.7178073305222186, "pearson": 0.5080111029687315}}